-- MySQL dump 10.13  Distrib 5.6.10, for Win64 (x86_64)
--
-- Host: localhost    Database: yjw_db
-- ------------------------------------------------------
-- Server version	5.6.10

/*!40101 SET @OLD_CHARACTER_SET_CLIENT=@@CHARACTER_SET_CLIENT */;
/*!40101 SET @OLD_CHARACTER_SET_RESULTS=@@CHARACTER_SET_RESULTS */;
/*!40101 SET @OLD_COLLATION_CONNECTION=@@COLLATION_CONNECTION */;
/*!40101 SET NAMES utf8 */;
/*!40103 SET @OLD_TIME_ZONE=@@TIME_ZONE */;
/*!40103 SET TIME_ZONE='+00:00' */;
/*!40014 SET @OLD_UNIQUE_CHECKS=@@UNIQUE_CHECKS, UNIQUE_CHECKS=0 */;
/*!40014 SET @OLD_FOREIGN_KEY_CHECKS=@@FOREIGN_KEY_CHECKS, FOREIGN_KEY_CHECKS=0 */;
/*!40101 SET @OLD_SQL_MODE=@@SQL_MODE, SQL_MODE='NO_AUTO_VALUE_ON_ZERO' */;
/*!40111 SET @OLD_SQL_NOTES=@@SQL_NOTES, SQL_NOTES=0 */;

DROP DATABASE IF EXISTS `yjw_db`;
CREATE DATABASE `yjw_db` /*!40100 DEFAULT CHARACTER SET utf8 */;
USE `yjw_db`;


--
-- Table structure for table `yjw_chat`
--

DROP TABLE IF EXISTS `yjw_chat`;
/*!40101 SET @saved_cs_client     = @@character_set_client */;
/*!40101 SET character_set_client = utf8 */;
CREATE TABLE `yjw_chat` (
  `id` int(11) NOT NULL AUTO_INCREMENT,
  `deal` int(11) DEFAULT NULL,
  `from_id` int(11) NOT NULL,
  `to_id` int(11) NOT NULL,
  `content` varchar(256) NOT NULL DEFAULT '',
  `is_read` enum('0','1') NOT NULL DEFAULT '0',
  `sub_time` timestamp NOT NULL DEFAULT CURRENT_TIMESTAMP,
  PRIMARY KEY (`id`),
  UNIQUE KEY `id_UNIQUE` (`id`),
  KEY `id_idx` (`from_id`),
  KEY `tid_idx` (`to_id`),
  CONSTRAINT `fid` FOREIGN KEY (`from_id`) REFERENCES `yjw_user` (`id`) ON DELETE CASCADE ON UPDATE NO ACTION,
  CONSTRAINT `tid` FOREIGN KEY (`to_id`) REFERENCES `yjw_user` (`id`) ON DELETE CASCADE ON UPDATE NO ACTION
) ENGINE=InnoDB AUTO_INCREMENT=4 DEFAULT CHARSET=utf8;
/*!40101 SET character_set_client = @saved_cs_client */;

--
-- Dumping data for table `yjw_chat`
--

LOCK TABLES `yjw_chat` WRITE;
/*!40000 ALTER TABLE `yjw_chat` DISABLE KEYS */;
INSERT INTO `yjw_chat` VALUES (3,34,12,11,'abc','0','2013-04-16 15:18:02');
/*!40000 ALTER TABLE `yjw_chat` ENABLE KEYS */;
UNLOCK TABLES;

--
-- Table structure for table `yjw_deal`
--

DROP TABLE IF EXISTS `yjw_deal`;
/*!40101 SET @saved_cs_client     = @@character_set_client */;
/*!40101 SET character_set_client = utf8 */;
CREATE TABLE `yjw_deal` (
  `id` int(11) NOT NULL AUTO_INCREMENT,
  `owner_id` int(11) NOT NULL,
  `title` varchar(255) DEFAULT NULL,
  `content` text,
  `fee` float(10,2) DEFAULT '5.00',
  `commission` float(10,2) DEFAULT NULL,
  `timestamps` timestamp NOT NULL DEFAULT CURRENT_TIMESTAMP ON UPDATE CURRENT_TIMESTAMP,
  `expire_date` date DEFAULT NULL,
  `maxtrans` int(11) unsigned NOT NULL DEFAULT '1',
  PRIMARY KEY (`id`),
  KEY `owner_idx` (`owner_id`),
  CONSTRAINT `owner` FOREIGN KEY (`owner_id`) REFERENCES `yjw_user` (`id`) ON DELETE CASCADE ON UPDATE NO ACTION
) ENGINE=InnoDB AUTO_INCREMENT=85 DEFAULT CHARSET=utf8;
/*!40101 SET character_set_client = @saved_cs_client */;

--
-- Dumping data for table `yjw_deal`
--

LOCK TABLES `yjw_deal` WRITE;
/*!40000 ALTER TABLE `yjw_deal` DISABLE KEYS */;
INSERT INTO `yjw_deal` VALUES (79,108,'qwert','tghu',3.78,0.00,'2013-04-28 04:44:51','3913-05-28',1),(82,109,'rrff','sdsdds',4545.00,NULL,'2013-05-02 06:01:21','3913-05-02',1),(83,109,'实施的','wewsds',434344.00,NULL,'2013-05-04 06:56:13','3912-05-04',1),(84,109,'eer','edsdsd',3223.00,NULL,'2013-05-04 07:29:23','3913-05-04',1);
/*!40000 ALTER TABLE `yjw_deal` ENABLE KEYS */;
UNLOCK TABLES;

--
-- Table structure for table `yjw_trans`
--

DROP TABLE IF EXISTS `yjw_trans`;
/*!40101 SET @saved_cs_client     = @@character_set_client */;
/*!40101 SET character_set_client = utf8 */;
CREATE TABLE `yjw_trans` (
  `id` int(11) NOT NULL AUTO_INCREMENT,
  `deal_id` int(11) NOT NULL,
  `from_id` int(11) NOT NULL,
  `to_id` int(11) NOT NULL,
  `times` int(11) NOT NULL DEFAULT '0',
  `timestamps` timestamp NOT NULL DEFAULT CURRENT_TIMESTAMP,
  `confirmed` int(11) NOT NULL DEFAULT '0',
  PRIMARY KEY (`id`),
  KEY `trans_deal_idx` (`deal_id`),
  KEY `trans_from_idx` (`from_id`),
  KEY `trans_to_idx` (`to_id`),
  CONSTRAINT `trans_deal` FOREIGN KEY (`deal_id`) REFERENCES `yjw_deal` (`id`) ON DELETE CASCADE ON UPDATE NO ACTION,
  CONSTRAINT `trans_from` FOREIGN KEY (`from_id`) REFERENCES `yjw_user` (`id`) ON DELETE CASCADE ON UPDATE NO ACTION,
  CONSTRAINT `trans_to` FOREIGN KEY (`to_id`) REFERENCES `yjw_user` (`id`) ON DELETE CASCADE ON UPDATE NO ACTION
) ENGINE=InnoDB AUTO_INCREMENT=17 DEFAULT CHARSET=utf8;
/*!40101 SET character_set_client = @saved_cs_client */;

--
-- Dumping data for table `yjw_trans`
--

LOCK TABLES `yjw_trans` WRITE;
/*!40000 ALTER TABLE `yjw_trans` DISABLE KEYS */;
INSERT INTO `yjw_trans` VALUES (8,84,109,109,0,'2013-05-04 07:29:24',1),(14,82,109,33,0,'2013-05-04 07:53:24',1),(15,82,33,104,1,'2013-05-04 07:55:27',1),(16,82,33,33,1,'2013-05-04 07:55:27',0);
/*!40000 ALTER TABLE `yjw_trans` ENABLE KEYS */;
UNLOCK TABLES;

--
-- Table structure for table `yjw_user`
--

DROP TABLE IF EXISTS `yjw_user`;
/*!40101 SET @saved_cs_client     = @@character_set_client */;
/*!40101 SET character_set_client = utf8 */;
CREATE TABLE `yjw_user` (
  `id` int(11) NOT NULL AUTO_INCREMENT,
  `name` varchar(50) NOT NULL,
  `cellphone` varchar(50) NOT NULL DEFAULT '',
  `password` varchar(50) NOT NULL,
  `timestamps` timestamp NOT NULL DEFAULT CURRENT_TIMESTAMP,
  `email` varchar(50) DEFAULT NULL,
  `balance` float(10,2) NOT NULL DEFAULT '0.00',
  PRIMARY KEY (`id`),
  UNIQUE KEY `cellphone` (`cellphone`),
  UNIQUE KEY `name_UNIQUE` (`name`)
) ENGINE=InnoDB AUTO_INCREMENT=110 DEFAULT CHARSET=utf8;
/*!40101 SET character_set_client = @saved_cs_client */;

--
-- Dumping data for table `yjw_user`
--

LOCK TABLES `yjw_user` WRITE;
/*!40000 ALTER TABLE `yjw_user` DISABLE KEYS */;
INSERT INTO `yjw_user` VALUES (11,'陶','13818554170','1234','2012-04-14 12:37:16','null',0.00),(12,'小小','13065511618','1234','2012-04-14 12:37:37','null',0.00),(13,'半人马','18616833337','1234','2012-04-15 08:46:43','null',0.00),(14,'沙王','13817666149','1234','2012-04-15 09:01:04','null',0.00),(15,'詹姆斯','13671864361','1234','2012-04-22 02:58:38','null',0.00),(21,'11','13917773631','12345','2012-06-06 15:26:55','null',0.00),(22,'kuxiao','13917774195','1234','2012-06-08 14:24:45',NULL,0.00),(32,'小林','18717863529','123456','2012-06-09 14:00:10',NULL,0.00),(33,'陶亦恒','13818554179','123456','2012-06-10 09:21:14',NULL,4545.00),(59,'殷','13122042627','1234','2012-10-18 15:19:55','null',0.00),(60,'马龙','15801952030','1234','2012-11-09 11:22:46','null',0.00),(64,'latest ','5555','1234','2012-11-29 04:48:07','null',0.00),(65,'c','66666','1234','2012-11-29 04:59:54','null',0.00),(99,'xcvxcv','13345674586','zzzzzz','2013-04-14 16:18:07','null',0.00),(104,'qwe','13816855910','111111','2013-04-15 14:42:19','qwe@c.cb',0.00),(107,'qqqqqq','13615326589','qqqqqq','2013-04-28 04:32:44','xc@xz.nb',0.00),(108,'是的','13512345678','qqqqqq','2013-04-28 04:39:49','cv@bn',0.00),(109,'实施','16612345678','qqqqqq','2013-04-30 03:35:58',NULL,5455.00);
/*!40000 ALTER TABLE `yjw_user` ENABLE KEYS */;
UNLOCK TABLES;

--
-- Table structure for table `yjw_validation`
--

DROP TABLE IF EXISTS `yjw_validation`;
/*!40101 SET @saved_cs_client     = @@character_set_client */;
/*!40101 SET character_set_client = utf8 */;
CREATE TABLE `yjw_validation` (
  `sid` varchar(50) NOT NULL DEFAULT '0',
  `validation_code` varchar(100) DEFAULT NULL,
  `timestamps` timestamp NULL DEFAULT CURRENT_TIMESTAMP
) ENGINE=InnoDB DEFAULT CHARSET=utf8;
/*!40101 SET character_set_client = @saved_cs_client */;

--
-- Dumping data for table `yjw_validation`
--

LOCK TABLES `yjw_validation` WRITE;
/*!40000 ALTER TABLE `yjw_validation` DISABLE KEYS */;
INSERT INTO `yjw_validation` VALUES ('5913392072722691129','716778','2012-06-09 02:01:12'),('01339207470894430934','894651','2012-06-09 02:04:30'),('951339207552066552339','897365','2012-06-09 02:05:52'),('8813392079608471240223','614843','2012-06-09 02:12:40'),('7413408914807405120539','771115','2012-06-28 13:51:36'),('851341339891711245178','785326',NULL),('6813414817560554916945','812284',NULL),('2313414822551335735379','958151',NULL),('2813423431019075189','735174',NULL),('51342343449360104941','159819',NULL),('6313423436342551354977','297975',NULL),('3813500563079783827482','371484',NULL),('271354158101000141234','528269',NULL),('341354158268406428517','657598',NULL),('6413541601797653619481','165487',NULL),('571365743094441454384','237968','2013-04-12 05:04:54'),('491365744128033228352','391973','2013-04-12 05:22:08'),('94136574478063533060','496594','2013-04-12 05:33:00'),('951365745559166455928','784644','2013-04-12 05:45:59'),('1013657482430843043998','532543','2013-04-12 06:30:43'),('561365754882224212289','782522','2013-04-12 08:21:22'),('5213658316143434014963','764443','2013-04-13 05:40:14'),('731365832164924492464','643552','2013-04-13 05:49:25'),('9313658324612405421115','475126','2013-04-13 05:54:21'),('831365832848624048600','549125','2013-04-13 06:00:48'),('87136583297417425436','271695','2013-04-13 06:02:54'),('56136583310650656720','746235','2013-04-13 06:05:06'),('8413658680057684645510','911562','2013-04-13 15:46:45'),('1113658682348795034586','867555','2013-04-13 15:50:35'),('81365870317536251729','873271','2013-04-13 16:25:17'),('813658722167185656422','926919','2013-04-13 16:56:56'),('361365874628038378640','161857','2013-04-13 17:37:08'),('9313659342468251046519','664357','2013-04-14 10:10:46'),('6613659346494431729890','477418','2013-04-14 10:17:29'),('2713659399859774625395','894946','2013-04-14 11:46:25'),('6413659401916224951612','118233','2013-04-14 11:49:51'),('1613659462401623040682','291218','2013-04-14 13:30:40'),('5613659465332853533857','256881','2013-04-14 13:35:33'),('8413659468235604023199','572844','2013-04-14 13:40:23'),('281365947972247593213','951862','2013-04-14 13:59:32'),('6913659501734413613702','989343','2013-04-14 14:36:13'),('701365951805867325166','832134','2013-04-14 15:03:25'),('3213659562588191738119','818726','2013-04-14 16:17:38'),('713659562608471740425','584757','2013-04-14 16:17:40'),('9013660090971345817804','131721','2013-04-15 06:58:17'),('26136600926105411516','725646','2013-04-15 07:01:01'),('561366009537232537596','982445','2013-04-15 07:05:37'),('4136600968258882146','391724','2013-04-15 07:08:02'),('8813660103689301928779','282576','2013-04-15 07:19:28'),('7713660104476632047634','716198','2013-04-15 07:20:47'),('641366010650925241034','279879','2013-04-15 07:24:10'),('9913660110303363030268','558563','2013-04-15 07:30:30'),('121366011322671352273','211492','2013-04-15 07:35:22'),('2713660280589221418335','568367','2013-04-15 12:14:18'),('271366036418728333844','236355','2013-04-15 14:33:38'),('7113660369032494143441','613222','2013-04-15 14:41:43'),('371366040497335413769','927886','2013-04-15 15:41:37'),('2513660405382534218996','667192','2013-04-15 15:42:18'),('8913660878131425013212','889645','2013-04-16 04:50:13'),('861367122809887209601','285997','2013-04-28 04:20:09'),('613671234517853051286','948169','2013-04-28 04:30:51'),('7113671239657523925430','951737','2013-04-28 04:39:25'),('7613672929281793528471','469167','2013-04-30 03:35:28');
/*!40000 ALTER TABLE `yjw_validation` ENABLE KEYS */;
UNLOCK TABLES;
/*!40103 SET TIME_ZONE=@OLD_TIME_ZONE */;

/*!40101 SET SQL_MODE=@OLD_SQL_MODE */;
/*!40014 SET FOREIGN_KEY_CHECKS=@OLD_FOREIGN_KEY_CHECKS */;
/*!40014 SET UNIQUE_CHECKS=@OLD_UNIQUE_CHECKS */;
/*!40101 SET CHARACTER_SET_CLIENT=@OLD_CHARACTER_SET_CLIENT */;
/*!40101 SET CHARACTER_SET_RESULTS=@OLD_CHARACTER_SET_RESULTS */;
/*!40101 SET COLLATION_CONNECTION=@OLD_COLLATION_CONNECTION */;
/*!40111 SET SQL_NOTES=@OLD_SQL_NOTES */;

-- Dump completed on 2013-05-04 21:30:03
